risk_id,asset_id,asset,threat,vulnerability,likelihood,impact,score,rating,treatment,planned_actions,owner,residual_likelihood,residual_impact,residual_score,residual_rating
R01,A06,S3 code storage,Attacker reads or changes source code stored in S3,"WAF/CDN poorly configured, so the bucket can be reached directly or is over-permissive",4,4,16,High,Mitigate,"Least-privilege IAM, TLS, firewall hardening, CI/CD guardrails",DevOps Lead,3,4,12,Medium
R02,A04,Google Workspace,Attacker takes over an employee account and tampers with database data,Login uses password + OTP only (no enforced MFA); malware can steal session cookies,3,3,9,Medium,Mitigate,"MFA and passkeys, endpoint protection, short session lifetimes",Head of IT,2,3,6,Medium
R03,A03,Production web app,DDoS makes the production app unavailable,No rate limiting or DDoS protection in front of the app,4,3,12,Medium,Mitigate,Rate limiting plus a DDoS protection service/CDN,DevOps Lead,2,3,6,Medium
R04,A03,Production web app,Attacker exploits known weaknesses in the app or its components,Unpatched vulnerabilities; no regular patch schedule,3,4,12,Medium,Mitigate,Frequent patching and vulnerability scanning,Head of Engineering,2,4,8,Medium
R05,A05,Code environments and CI/CD,Malicious code reaches production through the pipeline or a third-party dependency,"Broad deploy permissions and no mandatory review, so a compromised account or library can push code",2,3,6,Medium,Mitigate,"Mandatory approval step, automated scanners, third-party audits",DevOps Lead,1,3,3,Low
R06,A03,Production web app,Man-in-the-middle attacker reads or alters traffic between staff on public Wi-Fi and the app,TLS not enforced everywhere; weak TLS versions and no HSTS,3,4,12,Medium,Mitigate,"Enforce TLS 1.2+, HSTS, certificate management",Head of Engineering,2,4,8,Medium
R07,A04,Google Workspace,Credential stuffing: attacker logs in with passwords leaked from other breaches,Password + OTP login only; no login rate limiting or breached-password checks,4,4,16,High,Mitigate,"Passkeys/MFA, login rate limiting, breached-password checks",Head of IT,2,4,8,Medium
R08,A01,Customer database,Attacker steals customer personal data from the database,Broad database access and no encryption at rest,4,5,20,Critical,Mitigate,"Encryption at rest, least-privilege access, access logging",Head of Engineering,2,4,8,Medium
R09,A02,Cloud storage and backups,Ransomware or an attacker deletes or encrypts backups,Backups share an account with production; restores never tested,3,5,15,High,Mitigate,"Separate-account immutable backups, quarterly restore tests",DevOps Lead,2,3,6,Medium
R10,A03,Production web app,Intrusion goes unnoticed for weeks,Limited central logging; no alerting or monitoring,3,5,15,High,Mitigate,"Central logging, threat detection, alerts to an on-call channel",Head of Engineering,2,3,6,Medium
R11,A07,Employees and contractors,Phishing tricks an employee into giving up credentials or running malware,No security awareness training or phishing simulations,4,4,16,High,Mitigate,"Onboarding training, quarterly phishing simulations, passkeys",People Ops Manager,3,3,9,Medium
R12,A08,Third-party vendors,Vendor breach exposes Skylance customer data,No vendor risk assessment or data processing agreements,3,4,12,Medium,Transfer,Contracts and DPAs shifting liability; vendor questionnaire and annual review of key vendors,COO,2,3,6,Medium
R13,ORG,Organisation-wide (process),"Slow, chaotic response to a security incident",No documented incident response plan or roles,3,4,12,Medium,Mitigate,"Incident response policy, defined roles, yearly tabletop exercise",CTO,2,3,6,Medium
R14,A05,Code environments and CI/CD,Customer data exposed through the less-protected QA/test environments,Real production data is copied into QA/test with weaker controls,3,4,12,Medium,Mitigate,"CI/CD pipeline rebuild with RBAC enforced, WORM storage/sandboxing for QA/test, masked or synthetic data",Head of Engineering,2,2,4,Low
